<resources>
    <string name="app_name">Seoul tour</string>
    <string name="facebook_app_id">1915775998689286</string>
    <string name="title_activity_messenger">MessengerActivity</string>
    <string name="title_activity_info">InfoActivity</string>
    <string name="info_text1">위치</string>
    <string name="info_text2">정보제공</string>
    <string name="info_text3">관련 홈페이지</string>
    <string name="info_text4">전화번호</string>
    <string name="info_text5">관광지 내용</string>
</resources>
